{
  "মিরপুর": [
    23.9363038,
    88.997764
  ],
  "খুলনা সদর": [
    22.7062567,
    89.0688381
  ],
  "ময়লাপোতা": [
    22.8128974,
    89.5570841
  ],
  "নিরালা": [
    22.8017123,
    89.5544211
  ],
  "খিলগাঁও": [
    23.7506546,
    90.4232818
  ],
  "আগ্রাবাদ": [
    22.3247829,
    91.8113615
  ],
  "ধানমন্ডি": [
    23.7479124,
    90.3745866
  ],
  "নাসিরাবাদ": [
    22.362404,
    91.8241685
  ],
  "সাভার": [
    23.8477,
    90.2587
  ],
  "গুলশান": [
    23.7921765,
    90.4155528
  ],
  "যাত্রাবাড়ি": [
    23.7093978,
    90.433806
  ],
  "মোহাম্মদপুর": [
    23.7636683,
    90.363244
  ],
  "রামপুরা": [
    23.7683221,
    90.4219638
  ],
  "ইসিবি চত্বর": [
    23.7643863,
    90.3890144
  ],
  "সুত্রাপুর": [
    23.7064485,
    90.416873
  ],
  "উত্তরা": [
    23.8693275,
    90.3926893
  ],
  "মুরাদপুর": [
    23.3488657,
    90.8638294
  ],
  "কুষ্টিয়া": [
    23.9363038,
    88.997764
  ],
  "সোনাডাংগা": [
    22.8139386,
    89.5396166
  ],
  "লালবাগ": [
    23.7180752,
    90.3846389
  ],
  "শ্যামলী": [
    23.7775998,
    90.3601928
  ],
  "নবাবগঞ্জ": [
    23.6605166,
    90.1604757
  ],
  "কুমিল্লা": [
    23.4635605,
    91.2118953
  ],
  "বাইজিদ": [
    22.333778,
    91.8344348
  ],
  "বসুন্ধরা সিটি শপিং মল": [
    23.7643863,
    90.3890144
  ],
  "চকবাজার": [
    23.715323,
    90.3954354
  ],
  "টঙ্গী": [
    23.9084932,
    90.3980037
  ],
  "কেরানীগঞ্জ": [
    23.6486484,
    90.4155907
  ],
  "কাদিরগঞ্জ": [
    24.3742327,
    88.6097252
  ],
  "নারায়নগঞ্জ": [
    23.6236732,
    90.4988075
  ],
  "গাজীপুর": [
    23.9997558,
    90.4173629
  ],
  "মোতালেব প্লাজা": [
    23.7643863,
    90.3890144
  ],
  "ঝিনাইদাহ": [
    23.5446964,
    89.1731943
  ],
  "সাহেববাজার": [
    24.3715513,
    88.5921038
  ],
  "বাড্ডা": [
    23.7765425,
    90.4463012
  ],
  "কিশোরগঞ্জ": [
    24.4339822,
    90.7857232
  ],
  "বাংলামোটর": [
    23.7643863,
    90.3890144
  ],
  "রমনা": [
    23.7398559,
    90.4022658
  ],
  "যমুনা ফিউচার পার্ক": [
    23.8134982,
    90.4240893
  ],
  "নোয়াখালী": [
    22.8642019,
    91.100142
  ],
  "বটেশ্বর": [
    23.2873566,
    90.9905088
  ],
  "শেওড়াপাড়া": [
    23.7909631,
    90.3755087
  ],
  "যশোর": [
    23.1665256,
    89.2094419
  ],
  "জামালপুর": [
    24.9255866,
    89.9436684
  ],
  "পাবনা": [
    24.0068082,
    89.2448341
  ],
  "মতিঝিল": [
    23.7272598,
    90.4211957
  ],
  "মাদারীপুর": [
    23.1675177,
    90.2047265
  ],
  "পতেঙ্গা": [
    22.2344096,
    91.7921425
  ],
  "নথুল্লাবাদ": [
    22.7144187,
    90.3475675
  ],
  "বহদ্দারহাট": [
    22.333778,
    91.8344348
  ],
  "টাঙ্গাইল": [
    24.2507461,
    89.9151479
  ],
  "সদর রোড": [
    22.7022984,
    90.370216
  ],
  "জাহাজ কোম্পানি মোড়": [
    25.7569808,
    89.241459
  ],
  "রুপাতলি": [
    22.6774942,
    90.3490362
  ],
  "হালিশহর": [
    22.3327296,
    91.7796135
  ],
  "ডেমরা": [
    23.7284914,
    90.4974041
  ],
  "নওগাঁ": [
    24.8073229,
    88.9445447
  ],
  "গাঙ্গিনার পাড়": [
    24.7482129,
    90.4099158
  ],
  "নাটোর": [
    24.4131849,
    88.9866684
  ],
  "ধাপ": [
    25.7561225,
    89.2418051
  ],
  "মহাখালী": [
    23.7794681,
    90.4046308
  ],
  "বনশ্রী": [
    23.7617123,
    90.4312774
  ],
  "খিলক্ষেত": [
    23.8316678,
    90.4248321
  ],
  "কাজলা": [
    23.7097034,
    90.4429526
  ],
  "সৈয়দপুর": [
    25.7798456,
    88.8952379
  ],
  "নেত্রকোনা": [
    24.8855734,
    90.7332362
  ],
  "নরসিংদী": [
    23.9197152,
    90.7152981
  ],
  "এলিফ্যান্ট রোড": [
    23.7399987,
    90.3861347
  ],
  "শঠিবাড়ী": [
    25.5427171,
    89.2826858
  ],
  "নিউ মার্কেট": [
    23.1803145,
    89.2134164
  ],
  "ডাকবাংলা": [
    22.6241163,
    90.0595463
  ],
  "বসুন্ধরা": [
    23.8240227,
    90.469974
  ],
  "মডার্ন মোড়": [
    25.7100995,
    89.2603907
  ],
  "রাঙামাটি": [
    22.6600846,
    92.1704355
  ],
  "শেরপুর": [
    25.0228367,
    90.0149736
  ],
  "কাজিটুলা": [
    24.89922,
    91.8685271
  ],
  "বনানী": [
    23.790321,
    90.4076959
  ],
  "নয়াসড়ক": [
    24.89922,
    91.8685271
  ],
  "মগবাজার": [
    23.7545873,
    90.4096892
  ],
  "চাঁদগাও": [
    23.8821197,
    90.3250099
  ],
  "আফতাব নগর": [
    23.7643863,
    90.3890144
  ],
  "বংশাল": [
    23.7176039,
    90.4066335
  ],
  "উপশহর": [
    24.8672747,
    89.3585562
  ],
  "অলঙ্কার": [
    22.333778,
    91.8344348
  ],
  "শাপলা চত্বর": [
    23.7265709,
    90.4216286
  ],
  "চাঁদপুর": [
    23.2241763,
    90.6531005
  ],
  "দিনাজপুর": [
    25.6260712,
    88.6346228
  ],
  "কামরাঙ্গীরচর": [
    23.7161108,
    90.3685989
  ],
  "কুড়িগ্রাম": [
    25.8130134,
    89.6430518
  ],
  "শিব বাড়ি": [
    22.8171664,
    89.563759
  ],
  "সিরাজগঞ্জ": [
    24.4572235,
    89.7057047
  ],
  "বগুড়া": [
    24.8500662,
    89.3728431
  ],
  "বরগুনা": [
    22.1590839,
    90.117813
  ],
  "শরীয়তপুর": [
    23.2132841,
    90.3481247
  ],
  "সাতক্ষীরা": [
    22.7166509,
    89.0749857
  ],
  "দৌলতপুর": [
    24.0033281,
    88.8765104
  ],
  "পটুয়াখালী": [
    22.3589664,
    90.3310543
  ],
  "লালমনিরহাট": [
    25.908191,
    89.4335405
  ],
  "বাগেরহাট": [
    22.6554781,
    89.7941813
  ],
  "রাজপাড়া": [
    22.5567658,
    90.1300159
  ],
  "জিন্দা বাজার": [
    24.89922,
    91.8685271
  ],
  "লালবাগ মোড়": [
    25.7569808,
    89.241459
  ],
  "খুলশি": [
    22.3688486,
    91.7966938
  ],
  "গোপালগঞ্জ": [
    23.0049937,
    89.8303176
  ],
  "ভোলা": [
    22.689095,
    90.6405813
  ],
  "ফেনী": [
    23.0068161,
    91.3965276
  ],
  "কোর্ট স্টেশন": [
    24.3789741,
    88.5655119
  ],
  "চরপাড়া": [
    23.3253944,
    90.7947504
  ],
  "মুন্সিগঞ্জ": [
    23.5483797,
    90.5349722
  ],
  "মেহেরপুর": [
    23.7817845,
    88.6369373
  ],
  "লামা বাজার": [
    24.8961536,
    91.8613763
  ],
  "ঠাকুরগাঁও": [
    26.0199568,
    88.4688764
  ],
  "রুপসা": [
    22.8014472,
    89.588357
  ],
  "কাজীর দেউরি": [
    22.333778,
    91.8344348
  ],
  "ব্রাহ্মণবাড়িয়া": [
    23.9605999,
    91.1190893
  ],
  "ফরিদপুর": [
    23.6040182,
    89.8415542
  ],
  "ফুলতলা": [
    22.9735528,
    89.4745659
  ],
  "ফার্মগেট": [
    23.7590394,
    90.3871113
  ],
  "ডুমুরিয়া": [
    22.8063328,
    89.417734
  ],
  "পৌর বাজার": [
    25.9653577,
    89.691179
  ],
  "বয়রা বাজার": [
    22.8171664,
    89.563759
  ],
  "ভাটারা": [
    24.8129484,
    89.8584255
  ],
  "শিরোইল": [
    24.3715513,
    88.5921038
  ],
  "লক্ষ্মীপুর": [
    22.9445365,
    90.8276345
  ],
  "ভালুকা": [
    24.404455,
    90.3863536
  ],
  "শিকারপুর বন্দর": [
    22.7047521,
    90.370729
  ],
  "বাসাবো": [
    23.7405474,
    90.4333478
  ],
  "চুয়াডাঙ্গা": [
    23.6436608,
    88.846448
  ],
  "গৌরনদী": [
    22.9751303,
    90.2309736
  ],
  "শান্তিনগর": [
    23.7385358,
    90.4139156
  ],
  "ফটিকছড়ি": [
    22.6873648,
    91.7902571
  ],
  "রাজবাড়ী": [
    23.7595131,
    89.6469636
  ],
  "তেজগাঁও": [
    23.7628204,
    90.3912992
  ],
  "মিঠাপুকুর": [
    25.5677701,
    89.2766893
  ],
  "চকরিয়া": [
    21.7662726,
    92.076021
  ],
  "চাঁপাইনবাবগঞ্জ": [
    24.5954428,
    88.2707613
  ],
  "আম্বরখানা": [
    24.9050794,
    91.8699145
  ],
  "নীলফামারী": [
    25.9339275,
    88.8534588
  ],
  "পূর্বাচল": [
    23.8534224,
    90.5014224
  ],
  "মাগুরা": [
    23.4880772,
    89.4201824
  ],
  "মানিকগঞ্জ": [
    23.8695971,
    89.9995086
  ],
  "টাউন হল": [
    22.6387169,
    90.1986177
  ],
  "খালিশপুর": [
    22.8604213,
    89.5444099
  ],
  "আখালিয়া": [
    24.0831289,
    91.3501388
  ],
  "শাহী ঈদগাহ": [
    23.2822235,
    88.9925874
  ],
  "কালিজিরা": [
    22.6701915,
    90.3203405
  ],
  "গোল্লামারি": [
    22.8171664,
    89.563759
  ],
  "অক্সিজেন": [
    22.3936075,
    91.8216855
  ],
  "কোতোয়ালি": [
    23.7072369,
    90.409046
  ],
  "হাজারীবাগ": [
    23.7319838,
    90.368413
  ],
  "লালমাটিয়া": [
    23.7567008,
    90.3691554
  ],
  "বছিলা": [
    23.7457527,
    90.3496109
  ],
  "ত্রিশাল": [
    24.5823196,
    90.3951768
  ],